[Header],,,,
EMFileVersion,4,,,
,,,,
[Reads],,,,
28,,,,
90,,,,
,,,,
[Data],,,,
Lane,Sample_ID,index,index2,Sample_Project
,P212406-1E,TATCAGCCTA,AGGACGAAAC,P212406-1
,P212406-2E,TGGTCCCAAG,ACGCCAGAGG,P212406-2
,P212406-3E,TGTCCCAACG,TGGACATCGA,P212406-3
,P212506-1E,GTCCCATCAA,GTCACGTTCG,P212506-1
,P212506-2E,CCGGAGGAAG,AACATCCGCA,P212506-2
,P212506-3E,AGAACTTAGA,AAAGGACTCG,P212506-3
,P210507-1E,CGTGACATGC,TTTAGACCAT,P210507-1
,P210507-2E,GCCCGATGGA,CTAGACGATT,P210507-2
,P210507-3E,AGAATGGTTT,TCCCACCCTC,P210507-3
,P212406-1H,ATTACTCGAT,AGATCTCGGT,P212406-1
,P212406-2H,TCCGGAGAAT,AGATCTCGGT,P212406-2
,P212406-3H,CGCTCATTAT,AGATCTCGGT,P212406-3
,P212506-1H,GAGATTCCAT,AGATCTCGGT,P212506-1
,P212506-2H,ATTCAGAAAT,AGATCTCGGT,P212506-2
,P212506-3H,GAATTCGTAT,AGATCTCGGT,P212506-3
,P210507-1H,CTGAAGCTAT,AGATCTCGGT,P210507-1
,P210507-2H,TAATGCGCAT,AGATCTCGGT,P210507-2
,P210507-3H,CGGCTATGAT,AGATCTCGGT,P210507-3